-- ============================================================
-- Mock Data for Life Secretary
-- Password for both users: 123456
-- ============================================================

-- Users
INSERT INTO `users` (`id`, `email`, `name`, `hashed_password`, `preferences`, `is_active`, `created_at`, `updated_at`)
VALUES
('u0010000-0000-4000-8000-000000000001', 'alice@example.com', 'Alice',  '4443426ea20f6e13f6f94e3ce0b4e1aa$7a66b0c8ed819c38a792297357a3edc1f2872bef8543f5e7bb0b29bc7edb8ea2', '{"theme":"light","language":"zh"}', 1, NOW(), NOW()),
('u0010000-0000-4000-8000-000000000002', 'bob@example.com',   'Bob',    '4443426ea20f6e13f6f94e3ce0b4e1aa$7a66b0c8ed819c38a792297357a3edc1f2872bef8543f5e7bb0b29bc7edb8ea2', NULL, 1, NOW(), NOW()),
('u0010000-0000-4000-8000-000000000003', 'chen@qq.com',      '小陈',   '4443426ea20f6e13f6f94e3ce0b4e1aa$7a66b0c8ed819c38a792297357a3edc1f2872bef8543f5e7bb0b29bc7edb8ea2', '{"theme":"dark"}', 1, NOW(), NOW());
-- 使用到的用户: u001...001, u001...002, u001...003

-- Events (Alice 的一天)
INSERT INTO `events` (`id`, `user_id`, `type`, `content`, `entities`, `sentiment`, `sentiment_score`, `tags`, `voice_source`, `recorded_at`, `created_at`)
VALUES
('e0010000-0000-4000-8000-000000000001', 'u0010000-0000-4000-8000-000000000001', 'health',    '早上跑了5公里，感觉很好',               '{"activity":"跑步","distance":"5km"}',                                    'positive', 0.92, '["运动","健康"]', 0, '2026-06-20 07:30:00', NOW()),
('e0010000-0000-4000-8000-000000000002', 'u0010000-0000-4000-8000-000000000001', 'dietary',   '早餐吃了全麦面包和鸡蛋',                 '{"food":["全麦面包","鸡蛋"]}',                                             'neutral',  0.50, '["饮食"]',       1, '2026-06-20 08:15:00', NOW()),
('e0010000-0000-4000-8000-000000000003', 'u0010000-0000-4000-8000-000000000001', 'work',      '完成了项目方案初稿',                     '{"project":"方案初稿"}',                                                   'positive', 0.80, '["工作"]',       0, '2026-06-20 10:30:00', NOW()),
('e0010000-0000-4000-8000-000000000004', 'u0010000-0000-4000-8000-000000000001', 'social',    '中午和同事一起吃了日料',                 '{"food":["日料"],"counterparty":"同事"}',                                 'positive', 0.75, '["社交","饮食"]', 0, '2026-06-20 12:00:00', NOW()),
('e0010000-0000-4000-8000-000000000005', 'u0010000-0000-4000-8000-000000000001', 'mood',      '下午有点焦虑，担心项目进度',             '{"mood":"焦虑"}',                                                          'negative', 0.30, '["情绪"]',       0, '2026-06-20 15:00:00', NOW()),
('e0010000-0000-4000-8000-000000000006', 'u0010000-0000-4000-8000-000000000001', 'health',    '晚上做了30分钟瑜伽放松',                 '{"activity":"瑜伽","duration":"30min"}',                                  'positive', 0.85, '["运动","健康"]', 1, '2026-06-20 20:00:00', NOW()),
('e0010000-0000-4000-8000-000000000007', 'u0010000-0000-4000-8000-000000000001', 'dietary',   '晚餐喝了一杯蛋白粉',                     '{"food":["蛋白粉"]}',                                                      'neutral',  0.55, '["饮食"]',       1, '2026-06-20 20:30:00', NOW()),
('e0010000-0000-4000-8000-000000000008', 'u0010000-0000-4000-8000-000000000001', 'event',     '今天喝了8杯水，达标',                    '{"water_cups":8}',                                                         'positive', 0.70, '["健康","饮水"]',0, '2026-06-20 21:00:00', NOW()),

-- Bob 的事件
('e0010000-0000-4000-8000-000000000009', 'u0010000-0000-4000-8000-000000000002', 'health',    '今天感冒了，喉咙痛',                     '{"symptom":"喉咙痛"}',                                                    'negative', 0.20, '["健康","生病"]', 0, '2026-06-20 09:00:00', NOW()),
('e0010000-0000-4000-8000-000000000010', 'u0010000-0000-4000-8000-000000000002', 'work',      '请假一天在家休息',                       NULL,                                                                       'neutral',  0.45, '["工作"]',       0, '2026-06-20 10:00:00', NOW());

-- Finance Transactions (Alice)
INSERT INTO `finance_txns` (`id`, `user_id`, `type`, `amount`, `currency`, `category`, `counterparty`, `account`, `note`, `voice_source`, `recorded_at`, `created_at`)
VALUES
('f0010000-0000-4000-8000-000000000001', 'u0010000-0000-4000-8000-000000000001', 'expense',  35.00,  'CNY', 'food',      '日料店',        '支付宝', '中午和同事吃饭',        0, '2026-06-20 12:00:00', NOW()),
('f0010000-0000-4000-8000-000000000002', 'u0010000-0000-4000-8000-000000000001', 'expense',  15.00,  'CNY', 'transport', '滴滴出行',      '支付宝', '打车去公司',            1, '2026-06-20 08:30:00', NOW()),
('f0010000-0000-4000-8000-000000000003', 'u0010000-0000-4000-8000-000000000001', 'income',   15000,  'CNY', 'salary',    '公司',           '银行卡', '6月工资',              0, '2026-06-15 10:00:00', NOW()),
('f0010000-0000-4000-8000-000000000004', 'u0010000-0000-4000-8000-000000000001', 'expense',  5000,   'CNY', 'rent',      '房东',           '银行卡', '6月房租',              0, '2026-06-01 09:00:00', NOW()),
('f0010000-0000-4000-8000-000000000005', 'u0010000-0000-4000-8000-000000000001', 'expense',  299,    'CNY', 'shopping',  '京东',           '支付宝', '买了个蓝牙耳机',        0, '2026-06-18 14:00:00', NOW()),
('f0010000-0000-4000-8000-000000000006', 'u0010000-0000-4000-8000-000000000001', 'expense',  18.50,  'CNY', 'food',      '星巴克',         '微信',   '冰美式',               1, '2026-06-20 14:30:00', NOW()),

-- Bob 的财务
('f0010000-0000-4000-8000-000000000007', 'u0010000-0000-4000-8000-000000000002', 'expense',  45.00,  'CNY', 'food',      '美团外卖',       '微信',   '午餐外卖',             0, '2026-06-20 12:30:00', NOW()),
('f0010000-0000-4000-8000-000000000008', 'u0010000-0000-4000-8000-000000000002', 'expense',  32.00,  'CNY', 'medical',   '药店',           '支付宝', '买感冒药',             0, '2026-06-20 10:30:00', NOW());

-- Insights
INSERT INTO `insights` (`id`, `user_id`, `title`, `summary`, `impact`, `category`, `topics`, `importance`, `source_url`, `source_name`, `published_at`, `created_at`)
VALUES
('i0010000-0000-4000-8000-000000000001', 'u0010000-0000-4000-8000-000000000001',
 '每天跑步5公里能显著提升心血管健康',
 '最新研究表明，每天坚持跑步5公里可以将心血管疾病风险降低30%。',
 '可以继续坚持晨跑习惯，对长期健康有益。',
 'health', '["运动","健康","心血管"]', 4,
 'https://example.com/study1', '健康时报', '2026-06-18 08:00:00', NOW()),

('i0010000-0000-4000-8000-000000000002', 'u0010000-0000-4000-8000-000000000001',
 'AIGC 2026发展趋势：多模态成为主流',
 '多模态AI模型正在快速普及，预计年底前80%的企业将采用多模态AI解决方案。',
 '可以关注相关技能学习，提升职场竞争力。',
 'tech', '["AI","多模态","职场"]', 5,
 'https://example.com/ai-trends', '36氪', '2026-06-17 10:00:00', NOW()),

('i0010000-0000-4000-8000-000000000003', 'u0010000-0000-4000-8000-000000000001',
 '投资基金定投策略在震荡市中的表现',
 '2026年二季度市场震荡期间，定投策略相比一次性投资收益率高出5.2%。',
 '可以考虑将每月结余的一部分用于定投指数基金。',
 'finance', '["投资","基金","定投"]', 3,
 'https://example.com/invest', '雪球', '2026-06-16 14:00:00', NOW());

-- Digests (日报)
INSERT INTO `digests` (`id`, `user_id`, `date`, `score`, `highlights`, `problems`, `suggestions`, `trends`, `created_at`)
VALUES
('d0010000-0000-4000-8000-000000000001', 'u0010000-0000-4000-8000-000000000001',
 '2026-06-20', 78,
 '{"morning_run":"早上跑步5公里完成","social":"和同事午餐社交","water":"饮水达标"}',
 '{"afternoon_anxiety":"下午出现焦虑情绪"}',
 '{"meditation":"建议每天增加10分钟冥想"}',
 '{"mood_trend":"最近一周情绪呈上升趋势","exercise_freq":"本周运动4次，良好"}',
 NOW()),

('d0010000-0000-4000-8000-000000000002', 'u0010000-0000-4000-8000-000000000002',
 '2026-06-20', 45,
 '{}',
 '{"sick":"感冒，喉咙痛"}',
 '{"rest":"建议多休息，多喝热水","doctor":"如果明天未好转建议就医"}',
 '{}',
 NOW());
